LGA_CODE,LGA_NAME,2005,2006,2007,2008,2009,2010,2011,2012r,2013r,2014r,2015p,2014-15%,2014-15,Area (km2),Population Density
10050,Albury (C),47004,47566,48140,48518,48814,49222,49451,49709,50220,51050,51722,1.3,672,305.9,169.1
10110,Armidale Dumaresq (A),24115,24146,24275,24573,24862,25046,25158,25298,25362,25309,25318,0.0,9,4230.8,6.0
10150,Ashfield (A),40832,41269,41916,42207,42766,43038,43538,43744,44158,44471,44540,0.2,69,8.3,5378.4
10200,Auburn (C),65924,67819,70232,72630,74920,76640,77779,80540,83332,85393,88059,3.1,2666,32.5,2711.4
10250,Ballina (A),39305,39537,39824,40020,40295,40571,40747,41015,41321,41617,41828,0.5,211,484.7,86.3
10300,Balranald (A),2545,2507,2473,2433,2404,2381,2353,2340,2370,2398,2422,1.0,24,21693.1,0.1
10350,Bankstown (C),173282,175789,179352,182679,185770,188185,190851,193605,196891,200234,203202,1.5,2968,76.8,2645.9
10470,Bathurst Regional (A),36547,36916,37272,37904,38848,39484,39960,40368,41026,41652,42231,1.4,579,3816.4,11.1
10550,Bega Valley (A),31608,31829,32183,32367,32620,32962,33128,33242,33280,33464,33475,0.0,11,6279.0,5.3
10600,Bellingen (A),12682,12716,12773,12787,12837,12891,12923,12858,12848,12924,13010,0.7,86,1600.4,8.1
10650,Berrigan (A),8076,8160,8204,8237,8282,8291,8297,8330,8361,8407,8416,0.1,9,2065.9,4.1
10750,Blacktown (C),275206,278894,284925,292002,299450,306601,312346,318038,325046,332221,339328,2.1,7107,240.1,1413.2
10800,Bland (A),6263,6212,6178,6113,6101,6049,6021,6056,5988,5990,5959,-0.5,-31,8557.7,0.7
10850,Blayney (A),6649,6741,6821,6900,7041,7143,7217,7279,7320,7410,7380,-0.4,-30,1524.9,4.8
10900,Blue Mountains (C),75971,75600,76198,77102,77869,78227,78553,78748,79165,79653,79812,0.2,159,1431.2,55.8
10950,Bogan (A),2964,2939,2972,2992,2999,3013,3009,3034,3034,3062,3059,-0.1,-3,14600.5,0.2
11000,Bombala (A),2577,2589,2567,2534,2516,2503,2484,2428,2400,2421,2430,0.4,9,3946.6,0.6
11050,Boorowa (A),2379,2350,2355,2366,2413,2451,2479,2529,2556,2600,2625,1.0,25,2578.0,1.0
11100,Botany Bay (C),37215,37453,38041,39018,40026,40909,41504,42294,43273,44714,46587,4.2,1873,21.7,2148.2
11150,Bourke (A),3349,3185,3073,3046,3013,3033,3053,3029,2994,2971,2876,-3.2,-95,41604.5,0.1
11200,Brewarrina (A),2029,2004,1961,1944,1900,1878,1874,1874,1940,1930,1917,-0.7,-13,19165.2,0.1
11250,Broken Hill (C),19915,19753,19708,19604,19421,19267,19151,19123,19039,19037,18856,-1.0,-181,170.3,110.7
11300,Burwood (A),31696,32199,32893,33343,33708,33835,34176,34707,35282,36030,36139,0.3,109,7.1,5069.9
11350,Byron (A),30130,30125,30174,30347,30537,30664,30712,31024,31601,32099,32723,1.9,624,565.8,57.8
11400,Cabonne (A),12543,12634,12706,12799,12929,13071,13211,13476,13685,13767,13860,0.7,93,6023.9,2.3
11450,Camden (A),49990,50628,52178,53736,55377,56846,58439,60661,63223,67144,72256,7.6,5112,201.3,359.0
11500,Campbelltown (C),147220,146538,147159,148407,149986,150318,151173,152639,154472,156476,158941,1.6,2465,312.1,509.2
11520,Canada Bay (A),66951,68309,70196,72320,75332,77709,80065,82271,84869,87424,88819,1.6,1395,19.9,4464.7
11550,Canterbury (C),133836,134789,136803,139725,142023,143933,145089,146829,148781,150528,151746,0.8,1218,33.6,4521.1
11600,Carrathool (A),2947,2863,2827,2784,2778,2732,2681,2699,2815,2793,2733,-2.1,-60,18932.5,0.1
11700,Central Darling (A),2096,2000,2003,2003,2029,2045,2059,2083,2069,2063,2088,1.2,25,53493.8,0.0
11720,Cessnock (C),47305,47426,48302,49303,50218,51304,52485,53355,54288,54953,55862,1.7,909,1965.4,28.4
11730,Clarence Valley (A),48853,49149,49524,49818,50433,50993,51287,51332,51020,50973,51040,0.1,67,10428.8,4.9
11750,Cobar (A),5028,5044,5042,4988,4954,4946,4883,4902,4921,4959,4975,0.3,16,45571.0,0.1
11800,Coffs Harbour (C),65957,66657,67567,68574,69358,70373,70972,71085,71766,72338,72971,0.9,633,1173.7,62.2
11860,Conargo (A),1717,1701,1687,1658,1626,1607,1585,1578,1543,1535,1533,-0.1,-2,8737.9,0.2
12000,Coolamon (A),4072,4097,4116,4145,4187,4216,4236,4287,4275,4315,4342,0.6,27,2430.9,1.8
12050,Cooma-Monaro (A),9911,9980,9991,10003,10051,10085,10131,10173,10160,10210,10145,-0.6,-65,5184.5,2.0
12150,Coonamble (A),4394,4305,4253,4233,4223,4224,4226,4238,4277,4289,4262,-0.6,-27,9915.9,0.4
12200,Cootamundra (A),7494,7483,7451,7419,7471,7508,7546,7622,7622,7743,7705,-0.5,-38,1523.8,5.1
12300,Corowa Shire (A),11027,11216,11220,11233,11298,11318,11324,11387,11404,11448,11487,0.3,39,2329.3,4.9
12350,Cowra (A),12774,12754,12688,12591,12548,12533,12523,12640,12529,12525,12476,-0.4,-49,2808.7,4.4
12500,Deniliquin (A),7723,7586,7541,7452,7446,7366,7303,7336,7373,7432,7429,0.0,-3,143.2,51.9
12600,Dubbo (C),38653,38834,39004,39204,39626,40068,40246,40614,40993,41541,41934,0.9,393,3425.7,12.2
12700,Dungog (A),8263,8245,8245,8286,8415,8457,8556,8706,8880,9103,9195,1.0,92,2250.0,4.1
12750,Eurobodalla (A),35662,35855,36103,36301,36462,36807,37082,37104,37269,37603,37882,0.7,279,3428.2,11.1
12850,Fairfield (C),185740,186117,187872,190654,193557,195174,196479,198465,201344,202982,204442,0.7,1460,101.5,2013.8
12900,Forbes (A),9610,9540,9573,9526,9562,9495,9469,9533,9654,9755,9754,0.0,-1,4718.1,2.1
12950,Gilgandra (A),4652,4618,4532,4471,4498,4529,4515,4483,4481,4452,4368,-1.9,-84,4832.0,0.9
13010,Glen Innes Severn (A),8907,8987,8919,8907,8926,8939,8911,8903,8901,8961,8999,0.4,38,5480.4,1.6
13050,Gloucester (A),4858,4879,4851,4845,4874,4929,4991,5015,4971,5061,5160,2.0,99,2950.2,1.7
13100,Gosford (C),160733,161158,162272,164469,166396,167686,168323,169574,170677,171884,173138,0.7,1254,941.1,184.0
13310,Goulburn Mulwaree (A),26615,26695,26803,27166,27654,28083,28363,28745,29214,29360,29550,0.6,190,3220.0,9.2
13320,Great Lakes (A),33372,33576,33996,34400,34856,35369,35737,35977,36303,36467,36720,0.7,253,3373.3,10.9
13340,Greater Hume Shire (A),10036,9999,9985,9988,10009,10060,10072,10140,10173,10253,10378,1.2,125,5749.3,1.8
13380,Greater Taree (C),46051,46124,46478,46846,47212,47650,48090,48403,48814,48905,49095,0.4,190,3729.1,13.2
13450,Griffith (C),24329,24450,24583,24817,25100,25264,25395,25493,25417,25795,25986,0.7,191,1639.9,15.8
13500,Gundagai (A),3762,3771,3750,3749,3759,3766,3762,3767,3745,3753,3756,0.1,3,2457.1,1.5
13550,Gunnedah (A),11792,11782,11879,11987,12151,12344,12519,12618,12682,12818,12805,-0.1,-13,4987.4,2.6
13650,Guyra (A),4344,4333,4324,4350,4419,4478,4520,4557,4633,4616,4551,-1.4,-65,4389.6,1.0
13660,Gwydir (A),5442,5428,5307,5210,5167,5131,5102,5117,5101,5076,5068,-0.2,-8,9262.4,0.5
13700,Harden (A),3665,3668,3662,3661,3652,3661,3695,3716,3761,3749,3706,-1.1,-43,1868.3,2.0
13800,Hawkesbury (C),61698,61725,62262,63066,63618,63982,64353,64639,65118,65479,66134,1.0,655,2774.6,23.8
13850,Hay (A),3512,3483,3394,3292,3209,3153,3085,3015,2961,2987,2999,0.4,12,11326.0,0.3
13950,Holroyd (C),91042,92752,95335,98038,100097,102076,104079,106164,108834,111032,113294,2.0,2262,40.2,2819.6
14000,Hornsby (A),155587,155848,157411,159382,161377,162808,163783,165160,166780,168509,170563,1.2,2054,462.1,369.1
14100,Hunters Hill (A),13636,13662,13716,13742,13835,13854,13897,14162,14483,14678,14741,0.4,63,5.7,2578.4
14150,Hurstville (C),75458,76007,77392,78916,80468,81796,82810,83755,84831,85839,86484,0.8,645,22.7,3805.8
14200,Inverell (A),15765,15845,15973,16118,16320,16476,16584,16678,16720,16838,16936,0.6,98,8594.9,2.0
14250,Jerilderie (A),1708,1675,1626,1595,1586,1568,1538,1524,1504,1519,1526,0.5,7,3373.1,0.5
14300,Junee (A),5882,5943,5942,5978,6054,6105,6132,6160,6197,6245,6230,-0.2,-15,2030.0,3.1
14350,Kempsey (A),27936,28032,28193,28431,28775,28960,29128,29286,29359,29625,29684,0.2,59,3375.7,8.8
14400,Kiama (A),19690,19626,19809,19933,20219,20522,20806,20870,21058,21298,21505,1.0,207,257.7,83.4
14450,Kogarah (C),54032,54579,55359,56371,57511,58244,58916,59768,60386,60992,61422,0.7,430,15.5,3950.5
14500,Ku-ring-gai (A),104883,104459,105551,107976,110464,112643,114604,116596,118971,120901,122859,1.6,1958,85.4,1438.7
14550,Kyogle (A),9507,9491,9491,9490,9514,9544,9537,9534,9530,9513,9537,0.3,24,3584.0,2.7
14600,Lachlan (A),6956,6829,6733,6692,6678,6663,6701,6736,6745,6770,6767,0.0,-3,14965.4,0.5
14650,Lake Macquarie (C),188547,188503,189672,191478,193585,195263,196811,198598,200710,202562,204166,0.8,1604,648.0,315.1
14700,Lane Cove (A),31538,31527,31678,31918,32308,32803,33233,33603,33981,34786,35959,3.4,1173,10.5,3431.4
14750,Leeton (A),11590,11562,11502,11457,11461,11432,11406,11501,11535,11589,11645,0.5,56,1167.0,10.0
14800,Leichhardt (A),50914,51243,52095,53133,54115,54969,55642,56364,57242,58101,58756,1.1,655,10.5,5569.4
14850,Lismore (C),43011,43338,43636,43750,43940,44190,44348,44501,44632,44562,44741,0.4,179,1287.8,34.7
14870,Lithgow (C),20272,20186,20277,20352,20621,20732,20850,21003,21109,21236,21416,0.8,180,4511.9,4.7
14900,Liverpool (C),167472,169868,172875,177372,181712,184910,188088,191401,195278,199706,204594,2.4,4888,305.4,669.9
14920,Liverpool Plains (A),7736,7717,7720,7717,7718,7738,7761,7789,7760,7778,7759,-0.2,-19,5082.3,1.5
14950,Lockhart (A),3267,3237,3203,3171,3159,3133,3098,3081,3021,3028,3025,-0.1,-3,2895.9,1.0
15050,Maitland (C),61961,63505,65143,66244,67268,68561,69924,71891,73414,75122,76607,2.0,1485,391.5,195.7
15150,Manly (A),38627,39026,39775,39852,40938,41899,42818,43412,44214,44757,45365,1.4,608,14.4,3160.2
15200,Marrickville (A),74740,75090,76470,78035,79225,80388,81121,81735,82486,83302,84270,1.2,968,16.5,5101.2
15270,Mid-Western Regional (A),21647,21641,21887,22186,22469,22774,23020,23532,23846,24002,24191,0.8,189,8752.8,2.8
15300,Moree Plains (A),14693,14407,14155,14070,14019,14032,14043,14175,14243,14175,14053,-0.9,-122,17906.0,0.8
15350,Mosman (A),27538,27570,27900,28422,28761,29131,29351,29614,29971,30258,30496,0.8,238,8.7,3525.1
15500,Murray (A),6394,6552,6757,6906,7017,7119,7184,7318,7414,7461,7599,1.8,138,4344.5,1.7
15550,Murrumbidgee (A),2565,2544,2483,2444,2406,2380,2350,2416,2501,2526,2558,1.3,32,3506.7,0.7
15650,Muswellbrook (A),15467,15639,15713,15749,15878,16108,16328,16673,16843,17034,17209,1.0,175,3405.0,5.1
15700,Nambucca (A),18247,18299,18456,18695,18892,19140,19235,19365,19520,19641,19598,-0.2,-43,1491.4,13.1
15750,Narrabri (A),13592,13477,13359,13303,13349,13394,13438,13529,13679,13755,13799,0.3,44,13014.1,1.1
15800,Narrandera (A),6221,6149,6103,6069,6093,6105,6115,6078,6018,5957,5920,-0.6,-37,4116.2,1.4
15850,Narromine (A),6734,6691,6676,6726,6748,6815,6832,6860,6869,6849,6822,-0.4,-27,5260.4,1.3
15900,Newcastle (C),145914,146623,148524,150553,151895,153483,155550,157346,158482,159909,161225,0.8,1316,186.8,863.2
15950,North Sydney (A),60850,61512,62476,63484,64762,65850,66747,67888,69230,70977,72618,2.3,1641,10.5,6934.1
16100,Oberon (A),5193,5179,5166,5161,5192,5207,5209,5221,5260,5326,5318,-0.2,-8,3626.9,1.5
16150,Orange (C),36410,36374,36801,37401,37904,38660,39419,40160,40851,41406,41809,1.0,403,283.9,147.2
16180,Palerang (A),12172,12703,13291,13782,14232,14591,14857,15092,15276,15501,15897,2.6,396,5146.8,3.1
16200,Parkes (A),14627,14600,14643,14755,14835,14984,15083,15163,15084,15208,15337,0.8,129,5954.9,2.6
16250,Parramatta (C),150439,152948,157095,161894,166816,171080,174783,178874,184543,189830,194448,2.4,4618,61.4,3169.2
16350,Penrith (C),175799,176067,177280,179851,181901,182948,184589,187103,190337,194015,197922,2.0,3907,404.6,489.1
16370,Pittwater (A),55943,56252,56680,57137,58672,59577,60455,61256,62044,63299,64189,1.4,890,90.3,710.6
16380,Port Macquarie-Hastings (A),69659,69947,71097,72528,73317,74460,75232,76046,76534,77435,78128,0.9,693,3683.0,21.2
16400,Port Stephens (A),61918,62132,63425,64316,65521,66447,67214,68042,68899,69696,70447,1.1,751,858.5,82.1
16470,Queanbeyan (C),36714,37367,37711,38359,38958,39659,39987,40250,40548,40832,40657,-0.4,-175,172.4,235.9
16550,Randwick (C),124596,125346,128229,131136,133975,136006,137792,139530,142252,143690,145822,1.5,2132,36.3,4013.7
16610,Richmond Valley (A),21256,21728,22067,22291,22417,22597,22717,22716,22721,22941,23181,1.0,240,3047.4,7.6
16650,Rockdale (C),94897,95752,97790,100538,102501,103386,103481,105185,106664,108006,109862,1.7,1856,28.2,3893.2
16700,Ryde (C),99527,100344,102453,104602,105983,107319,108712,110842,112499,114532,117171,2.3,2639,40.5,2895.0
16900,Shellharbour (C),61863,62243,62916,63956,64778,65597,66218,66869,67767,68719,69714,1.4,995,147.4,473.1
16950,Shoalhaven (C),90173,90505,91497,92351,93754,95154,96203,97047,97617,98956,100147,1.2,1191,4567.0,21.9
17000,Singleton (A),22254,22535,22663,22860,23063,23335,23523,23787,23741,23868,24071,0.9,203,4892.8,4.9
17050,Snowy River (A),7378,7439,7515,7610,7674,7747,7771,7935,7990,8063,8178,1.4,115,6030.4,1.4
17100,Strathfield (A),32143,33030,34219,35343,36592,37002,37239,37664,38344,39458,40125,1.7,667,13.9,2886.8
17150,Sutherland Shire (A),211460,211230,213161,216400,219065,220060,220250,221283,223097,224931,226220,0.6,1289,333.6,678.2
17200,Sydney (C),158834,164597,169056,172985,177150,180748,183281,187690,191835,198213,205339,3.6,7126,26.7,7683.2
17310,Tamworth Regional (A),54363,54887,55607,56148,56814,57650,58228,58976,59687,60405,61121,1.2,716,9884.2,6.2
17350,Temora (A),6016,6008,5977,5959,5936,5951,5953,5983,5992,6047,6071,0.4,24,2802.0,2.2
17400,Tenterfield (A),6630,6666,6731,6796,6882,6941,6990,6997,6970,6975,6986,0.2,11,7322.3,1.0
17420,The Hills Shire (A),161315,164132,166054,169508,173074,175748,177014,180130,183479,187574,192230,2.5,4656,400.5,480.0
17450,Tumbarumba (A),3620,3622,3572,3530,3506,3495,3484,3520,3520,3576,3586,0.3,10,4392.5,0.8
17500,Tumut Shire (A),11080,11062,11069,11045,11141,11233,11272,11307,11311,11368,11408,0.4,40,4566.6,2.5
17550,Tweed (A),80382,81531,83060,84842,86539,87722,88437,88974,90074,91155,92460,1.4,1305,1307.4,70.7
17620,Upper Hunter Shire (A),13281,13333,13374,13599,13801,13983,14206,14528,14643,14648,14537,-0.8,-111,8096.1,1.8
17640,Upper Lachlan Shire (A),7185,7209,7229,7276,7333,7379,7422,7555,7596,7756,7876,1.5,120,7127.5,1.1
17650,Uralla (A),5888,5894,5930,5996,6129,6198,6241,6273,6343,6408,6411,0.0,3,3226.5,2.0
17700,Urana (A),1303,1281,1259,1235,1217,1202,1185,1180,1157,1146,1142,-0.3,-4,3356.0,0.3
17750,Wagga Wagga (C),57761,58518,59493,60329,61061,61503,61781,61781,62147,62799,63428,1.0,629,4825.9,13.1
17800,Wakool (A),4538,4468,4325,4255,4209,4140,4073,4038,3976,3987,3987,0.0,0,7520.5,0.5
17850,Walcha (A),3244,3259,3210,3172,3154,3137,3119,3104,3107,3096,3064,-1.0,-32,6261.3,0.5
17900,Walgett (A),7312,7129,6979,6883,6914,6908,6797,6813,6782,6835,6791,-0.6,-44,22308.5,0.3
17950,Warren (A),2919,2814,2786,2789,2807,2840,2862,2903,2915,2911,2901,-0.3,-10,10753.8,0.3
18000,Warringah (A),137171,138322,140629,142853,144890,146774,148423,150358,152570,155194,156693,1.0,1499,149.4,1049.1
18020,Warrumbungle Shire (A),10155,10034,9952,9925,9930,9921,9898,9859,9774,9780,9728,-0.5,-52,12371.1,0.8
18050,Waverley (A),63435,64294,65279,66458,67394,68082,68698,69515,70675,71725,72699,1.4,974,9.2,7865.3
18100,Weddin (A),3737,3722,3710,3715,3720,3733,3759,3744,3709,3707,3701,-0.2,-6,3408.6,1.1
18150,Wellington (A),8385,8314,8311,8645,8840,8881,8833,8839,8942,9038,9073,0.4,35,4110.1,2.2
18200,Wentworth (A),6915,6926,6963,6964,6932,6910,6837,6838,6829,6880,6883,0.0,3,26256.7,0.3
18250,Willoughby (C),65578,66481,67809,68434,69512,70256,71139,72032,73110,74128,76354,3.0,2226,22.4,3404.2
18350,Wingecarribee (A),43402,43532,44054,44539,45165,45761,46126,46487,46991,47557,48028,1.0,471,2688.4,17.9
18400,Wollondilly (A),40411,40969,41589,42401,43145,43828,44607,45362,46281,47050,47997,2.0,947,2555.9,18.8
18450,Wollongong (C),190721,190909,192770,195437,197887,200468,202068,203181,205157,206666,208875,1.1,2209,684.0,305.4
18500,Woollahra (A),52655,52995,53564,54076,54862,55497,56320,57032,57653,58582,59307,1.2,725,12.3,4831.9
18550,Wyong (A),140670,141893,144227,147869,150400,152675,154334,155844,157288,158919,159981,0.7,1062,739.8,216.2
18710,Yass Valley (A),13247,13500,13916,14310,14714,15227,15615,15981,16280,16422,16564,0.9,142,3998.1,4.1
18750,Young (A),12102,12195,12249,12310,12402,12527,12619,12709,12694,12633,12588,-0.4,-45,2692.7,4.7
20110,Alpine (S),12372,12260,12227,12156,12112,12089,12068,12109,12030,12019,11858,-1.3,-161,4788.2,2.5
20260,Ararat (RC),11452,11422,11363,11344,11332,11337,11326,11335,11214,11139,11028,-1.0,-111,4211.4,2.6
20570,Ballarat (C),85663,86647,87796,89531,91390,93359,95185,96935,98570,100240,101578,1.3,1338,739.0,137.4
20660,Banyule (C),117149,117963,119362,120580,122248,122780,122983,123600,124350,125451,126232,0.6,781,62.5,2018.4
20740,Bass Coast (S),26894,26941,27408,27981,28561,29474,30233,30616,30975,31610,32033,1.3,423,864.8,37.0
20830,Baw Baw (S),37079,37814,38503,39389,40516,42097,43389,44296,45158,45912,46638,1.6,726,4031.3,11.6
20910,Bayside (C),89873,90807,92041,93535,94850,95594,96119,96992,98270,99914,101321,1.4,1407,37.2,2722.9
21010,Benalla (RC),13829,13807,13802,13792,13796,13838,13818,13731,13697,13603,13496,-0.8,-107,2352.6,5.7
21110,Boroondara (C),158727,159605,161308,163408,165284,166326,167062,168458,170382,172551,174787,1.3,2236,60.2,2904.4
21180,Brimbank (C),172749,174231,177004,180561,185397,188895,191496,193334,195273,197637,199432,0.9,1795,123.4,1616.2
21270,Buloke (S),6995,6957,6861,6789,6751,6622,6465,6355,6214,6084,5952,-2.2,-132,8000.4,0.7
21370,Campaspe (S),36779,36969,37020,37017,37021,36973,36855,36967,36898,36889,36747,-0.4,-142,4518.9,8.1
21450,Cardinia (S),55173,57950,60368,63647,67889,71830,75831,80188,83980,87034,90884,4.4,3850,1281.7,70.9
21610,Casey (C),213821,220440,228496,237529,246678,254471,261282,267640,274836,283215,292211,3.2,8996,409.4,713.7
21670,Central Goldfields (S),12493,12434,12471,12531,12587,12600,12579,12581,12620,12609,12575,-0.3,-34,1532.8,8.2
21750,Colac-Otway (S),20684,20614,20687,20782,20844,20855,20799,20767,20666,20504,20255,-1.2,-249,3437.5,5.9
21830,Corangamite (S),16867,16815,16718,16636,16623,16563,16526,16387,16108,15920,15671,-1.6,-249,4407.6,3.6
21890,Darebin (C),130298,132299,134748,137525,140289,141780,142942,144641,146650,148675,150881,1.5,2206,53.5,2821.7
22110,East Gippsland (S),40173,40544,40969,41416,41904,42385,42826,43160,43376,43678,43995,0.7,317,20939.9,2.1
22170,Frankston (C),118530,120148,122182,124689,127252,129052,130350,131754,133425,134899,135971,0.8,1072,129.6,1049.2
22250,Gannawarra (S),11455,11413,11207,11052,10923,10692,10453,10376,10311,10142,10019,-1.2,-123,3735.3,2.7
22310,Glen Eira (C),126485,128474,130524,132900,135414,136515,137152,139242,141379,144009,146303,1.6,2294,38.7,3781.3
22410,Glenelg (S),20051,20077,20035,20020,19995,19949,19848,19758,19500,19355,19158,-1.0,-197,6218.3,3.1
22490,Golden Plains (S),16390,16666,17022,17456,17941,18441,18958,19470,20131,20538,20809,1.3,271,2703.4,7.7
22620,Greater Bendigo (C),93269,94577,96097,97417,99003,100506,101995,103605,105222,107051,108437,1.3,1386,3000.0,36.1
22670,Greater Dandenong (C),128054,130068,132860,135884,138740,140212,142167,144312,146578,149466,152739,2.2,3273,129.6,1178.6
22750,Greater Geelong (C),199996,201495,203802,206479,209429,212585,215837,218125,221290,224906,229420,2.0,4514,1247.9,183.8
22830,Greater Shepparton (C),58419,58688,59208,59854,60758,61443,61744,62379,62707,63131,63366,0.4,235,2422.0,26.2
22910,Hepburn (S),13973,13926,14014,14187,14416,14561,14629,14728,14807,14885,14794,-0.6,-91,1473.0,10.0
22980,Hindmarsh (S),6189,6119,6080,6032,6025,5954,5856,5781,5693,5642,5494,-2.6,-148,7524.2,0.7
23110,Hobsons Bay (C),82990,83906,84819,85513,86767,87192,87395,88275,89384,91118,92761,1.8,1643,64.2,1444.0
23190,Horsham (RC),18584,18770,18917,19060,19243,19390,19523,19631,19666,19691,19774,0.4,83,4267.1,4.6
23270,Hume (C),149059,152797,157516,161863,166728,170952,174290,178034,183077,188669,194006,2.8,5337,503.8,385.1
23350,Indigo (S),14919,15038,15047,15128,15223,15287,15317,15373,15359,15341,15431,0.6,90,2040.1,7.6
23430,Kingston (C),137091,138390,140487,142817,146050,147407,148304,150014,151533,153034,154477,0.9,1443,91.4,1690.7
23670,Knox (C),149362,150275,151343,152538,154122,154643,154625,154583,154760,155279,155681,0.3,402,113.8,1367.7
23810,Latrobe (C),69939,70536,71045,71702,72306,73082,73788,74001,73783,73619,73548,-0.1,-71,1425.8,51.6
23940,Loddon (S),8012,7922,7883,7812,7741,7653,7546,7506,7417,7353,7283,-1.0,-70,6696.4,1.1
24130,Macedon Ranges (S),38998,39383,39900,40584,41582,42223,42883,43517,44056,44702,45308,1.4,606,1748.3,25.9
24210,Manningham (C),113432,113914,114771,115539,116372,116656,116750,117036,117409,118485,119442,0.8,957,113.3,1053.8
24250,Mansfield (S),7124,7357,7465,7593,7754,7870,7942,8052,8177,8217,8300,1.0,83,3843.9,2.2
24330,Maribyrnong (C),64137,65518,67666,69902,71872,73613,75154,76866,79222,81831,83515,2.1,1684,31.2,2674.5
24410,Maroondah (C),101009,101430,102536,104034,106011,106677,107323,108168,109466,111185,112310,1.0,1125,61.4,1828.8
24600,Melbourne (C),76034,80154,85366,89937,94247,97623,100240,105418,116330,122167,128980,5.6,6813,37.4,3452.8
24650,Melton (C),74316,80595,86196,92552,99935,106848,112643,117881,122786,127638,132752,4.0,5114,527.6,251.6
24780,Mildura (RC),49981,50540,50855,51140,51373,51625,51822,52197,52633,53018,53015,0.0,-3,22082.5,2.4
24850,Mitchell (S),30492,30723,31529,32302,32897,33892,35105,36143,37325,38393,39143,2.0,750,2862.4,13.7
24900,Moira (S),26969,27477,27703,27968,28140,28331,28406,28647,28645,28825,28820,0.0,-5,4046.6,7.1
24970,Monash (C),164949,167010,169145,171321,174398,175731,177345,179931,182300,184977,187286,1.2,2309,81.5,2298.1
25060,Moonee Valley (C),105059,105717,106716,108417,110367,111363,112180,113513,114979,117297,119583,1.9,2286,43.1,2771.8
25150,Moorabool (S),25783,26077,26431,26813,27453,28047,28670,29347,30313,30911,31496,1.9,585,2110.6,14.9
25250,Moreland (C),138963,140872,143694,146450,150114,152261,154247,156657,159867,163331,166770,2.1,3439,50.9,3273.3
25340,Mornington Peninsula (S),137759,139317,141740,144403,147002,148542,149271,150830,152106,153749,155015,0.8,1266,724.1,214.1
25430,Mount Alexander (S),17240,17304,17415,17585,17683,17806,17872,17896,17964,18087,18130,0.2,43,1529.6,11.9
25490,Moyne (S),15635,15708,15744,15848,15976,16082,16167,16226,16295,16336,16229,-0.7,-107,5481.8,3.0
25620,Murrindindi (S),13472,13663,13690,13748,13352,13318,13335,13423,13477,13589,13693,0.8,104,3879.4,3.5
25710,Nillumbik (S),61102,61515,61858,62367,62785,62838,62716,62751,62660,62849,62602,-0.4,-247,432.3,144.8
25810,Northern Grampians (S),12285,12095,12095,12087,12117,12113,12054,11945,11775,11715,11509,-1.8,-206,5728.0,2.0
25900,Port Phillip (C),87831,89641,91490,93174,95272,96375,97276,100394,102396,104813,107127,2.2,2314,20.7,5174.0
25990,Pyrenees (S),6603,6648,6650,6661,6721,6748,6759,6746,6759,6791,6822,0.5,31,3434.6,2.0
26080,Queenscliffe (B),3104,3086,3081,3077,3065,3059,3061,3085,3054,3033,3017,-0.5,-16,8.6,350.1
26170,South Gippsland (S),26068,26128,26350,26556,26903,27173,27512,27756,27895,27838,27706,-0.5,-132,3297.4,8.4
26260,Southern Grampians (S),16879,16858,16874,16869,16822,16705,16571,16372,16133,15906,15751,-1.0,-155,6655.4,2.4
26350,Stonnington (C),92893,94056,95228,96841,98186,98728,98853,101187,103085,105946,107941,1.9,1995,25.6,4208.4
26430,Strathbogie (S),9455,9509,9538,9552,9564,9598,9598,9666,9702,9814,9826,0.1,12,3303.3,3.0
26490,Surf Coast (S),21819,22333,23135,24064,25052,25861,26666,27474,28262,28460,28941,1.7,481,1552.9,18.6
26610,Swan Hill (RC),20977,20950,20972,20976,21043,20982,20865,20950,20849,20574,20409,-0.8,-165,6115.3,3.3
26670,Towong (S),6105,6097,6060,6048,6050,6004,5918,5910,5884,5795,5762,-0.6,-33,6675.0,0.9
26700,Wangaratta (RC),26608,26776,26871,27005,27111,27200,27212,27221,27169,27108,27065,-0.2,-43,3644.8,7.4
26730,Warrnambool (C),30553,30959,31380,31696,32036,32370,32667,33004,33240,33508,33644,0.4,136,120.9,278.4
26810,Wellington (S),40504,40682,40897,41174,41506,41803,42068,42294,42272,42174,41965,-0.5,-209,10817.4,3.9
26890,West Wimmera (S),4583,4539,4488,4452,4427,4373,4287,4195,4084,3981,3879,-2.6,-102,9108.4,0.4
26980,Whitehorse (C),147344,149017,151180,153487,155959,157058,157538,159296,161560,163646,165557,1.2,1911,64.3,2575.6
27070,Whittlesea (C),125893,128491,132938,138446,145445,152709,160800,169955,179080,186843,195397,4.6,8554,489.7,399.0
27170,Wodonga (RC),33597,33595,33837,34157,34654,35287,36025,36576,37307,38067,38559,1.3,492,432.7,89.1
27260,Wyndham (C),108795,115161,123778,133063,143405,155251,166699,178859,189063,199645,209847,5.1,10202,542.1,387.1
27350,Yarra (C),71719,72808,74289,75868,77311,78430,78903,80987,83508,86377,89151,3.2,2774,19.5,4562.2
27450,Yarra Ranges (S),142928,143393,144485,145884,147663,148473,148901,149235,149390,150036,150661,0.4,625,2465.7,61.1
27630,Yarriambiack (S),7715,7609,7505,7438,7412,7312,7183,7102,7021,6884,6759,-1.8,-125,7325.8,0.9
30250,Aurukun (S),1098,1089,1164,1252,1315,1365,1398,1397,1400,1409,1424,1.1,15,7347.2,0.2
30300,Balonne (S),4878,4754,4760,4786,4813,4833,4862,4839,4880,4886,4826,-1.2,-60,31106.2,0.2
30370,Banana (S),14913,15026,14883,14880,14941,14855,14812,14969,15182,15229,15209,-0.1,-20,28546.3,0.5
30410,Barcaldine (R),3359,3341,3338,3322,3303,3295,3292,3312,3359,3359,3342,-0.5,-17,53520.7,0.1
30450,Barcoo (S),381,370,364,371,360,360,363,363,363,362,357,-1.4,-5,61825.0,0.0
30760,Blackall-Tambo (R),2126,2063,2076,2124,2171,2216,2257,2285,2314,2304,2238,-2.9,-66,30389.1,0.1
30900,Boulia (S),456,434,428,443,456,485,493,494,496,497,490,-1.4,-7,60955.8,0.0
31000,Brisbane (C),967989,987831,1010222,1033472,1057692,1073144,1089879,1110332,1129707,1146320,1162186,1.4,15866,1338.1,868.5
31750,Bulloo (S),397,380,369,379,390,405,418,416,408,406,396,-2.5,-10,73762.8,0.0
31820,Bundaberg (R),82876,84816,86486,88599,90335,91400,92063,93403,93866,94245,94380,0.1,135,6435.6,14.7
31900,Burdekin (S),17536,17451,17568,17653,17776,17786,17775,17941,17870,17891,17831,-0.3,-60,5043.4,3.5
31950,Burke (S),506,512,532,542,543,549,557,559,556,559,562,0.5,3,40039.2,0.0
32080,Cairns (R),127336,131843,136251,141403,145962,148943,150992,154073,156916,158835,160285,0.9,1450,1687.9,95.0
32250,Carpentaria (S),2080,2003,2087,2124,2136,2182,2197,2204,2223,2245,2262,0.8,17,64124.9,0.0
32260,Cassowary Coast (R),29124,28603,28706,28739,28761,28718,28636,28758,28661,28694,28689,0.0,-5,4685.0,6.1
32270,Central Highlands (R),26661,27265,27596,28090,28714,29082,29541,30515,31253,31584,31454,-0.4,-130,59834.9,0.5
32310,Charters Towers (R),11783,11729,11915,12096,12239,12316,12434,12446,12477,12511,12433,-0.6,-78,68373.6,0.2
32330,Cherbourg (S),1188,1182,1190,1206,1222,1245,1264,1280,1284,1290,1291,0.1,1,31.6,40.9
32450,Cloncurry (S),3342,3248,3250,3308,3304,3301,3342,3400,3410,3398,3351,-1.4,-47,47983.1,0.1
32500,Cook (S),3626,3565,3650,3787,3988,4135,4409,4313,4395,4260,4388,3.0,128,105781.5,0.0
32600,Croydon (S),271,264,271,297,307,319,327,324,322,324,326,0.6,2,29487.1,0.0
32750,Diamantina (S),294,291,290,295,296,293,292,291,292,292,288,-1.4,-4,94666.9,0.0
32770,Doomadgee (S),1136,1129,1194,1235,1273,1327,1374,1383,1381,1393,1399,0.4,6,1835.2,0.8
32810,Douglas (S),10369,10524,10768,10995,11116,11146,11186,11325,11456,11602,11661,0.5,59,2427.3,4.8
33100,Etheridge (S),883,869,902,915,927,923,929,923,917,921,926,0.5,5,39201.0,0.0
33200,Flinders (S),1897,1844,1842,1837,1834,1834,1840,1830,1826,1821,1792,-1.6,-29,41192.7,0.0
33220,Fraser Coast (R),83010,86117,89109,92018,94813,96618,97661,99051,100163,101254,101977,0.7,723,7102.5,14.4
33360,Gladstone (R),50587,52051,53587,55425,57046,57697,59461,61465,63880,66071,67464,2.1,1393,10465.8,6.4
33430,Gold Coast (C),436671,450075,466940,481569,495835,506135,515202,526816,537216,545851,555608,1.8,9757,1331.7,417.2
33610,Goondiwindi (R),10297,10364,10468,10605,10722,10823,10900,10993,11018,11020,11022,0.0,2,19255.5,0.6
33620,Gympie (R),41682,42628,43634,44700,45774,46366,46837,47548,48103,48455,48681,0.5,226,6884.5,7.1
33800,Hinchinbrook (S),11814,11810,11822,11826,11829,11808,11817,11801,11686,11536,11352,-1.6,-184,2801.4,4.1
33830,Hope Vale (S),824,812,850,897,955,1011,1052,1069,1078,1093,1125,2.9,32,1104.8,1.0
33960,Ipswich (C),137324,141986,148133,154428,161664,167134,172200,177771,182879,187973,193015,2.7,5042,1088.5,177.3
33980,Isaac (R),19785,20372,21018,21632,22237,22658,23188,23755,24248,24445,24267,-0.7,-178,58719.8,0.4
34420,Kowanyama (S),1048,1063,1075,1079,1088,1103,1112,1114,1114,1124,1142,1.6,18,2543.2,0.4
34530,Livingstone (S),28755,29543,30629,31407,32474,32906,33394,34466,35450,36364,37001,1.8,637,11751.5,3.1
34570,Lockhart River (S),584,578,573,555,554,552,520,527,528,540,548,1.5,8,3578.1,0.2
34580,Lockyer Valley (R),30524,31305,32050,32974,34333,35110,35880,36514,37609,38298,38798,1.3,500,2268.7,17.1
34590,Logan (C),253905,259116,264410,270628,277372,282189,287474,294106,300314,304700,308681,1.3,3981,958.1,322.2
34710,Longreach (R),4284,4174,4174,4193,4219,4250,4296,4285,4240,4236,4092,-3.4,-144,40571.7,0.1
34770,Mackay (R),99901,103567,106026,108644,111455,113669,115960,119162,121768,123335,123724,0.3,389,7601.2,16.3
34800,McKinlay (S),951,922,963,994,1011,1044,1085,1086,1083,1082,1062,-1.8,-20,40733.7,0.0
34830,Mapoon (S),239,247,254,262,271,276,281,286,288,293,294,0.3,1,548.0,0.5
34860,Maranoa (R),12501,12612,12770,12952,13113,13286,13437,13560,13783,13856,13862,0.0,6,58711.4,0.2
34880,Mareeba (S),18553,18753,19195,19737,20177,20495,20745,20942,21357,21529,21833,1.4,304,53504.5,0.4
35010,Moreton Bay (R),323085,331713,344545,357499,370447,381357,390051,400333,408610,416970,425482,2.0,8512,2032.9,209.3
35250,Mornington (S),1067,1082,1119,1120,1158,1184,1220,1219,1213,1223,1225,0.2,2,1244.2,1.0
35300,Mount Isa (C),20153,20374,20711,21381,21607,21830,22079,22427,22779,22707,22517,-0.8,-190,43188.0,0.5
35600,Murweh (S),4774,4692,4665,4668,4699,4714,4731,4759,4730,4712,4626,-1.8,-86,40698.5,0.1
35670,Napranum (S),856,876,881,890,901,910,908,921,925,942,962,2.1,20,1997.9,0.5
35740,Noosa (S),47635,48082,48595,49600,50315,50770,51038,51671,52310,53033,53515,0.9,482,869.9,61.5
35760,North Burnett (R),10403,10378,10322,10335,10377,10358,10374,10323,10348,10306,10292,-0.1,-14,19666.8,0.5
35780,Northern Peninsula Area (R),2070,2063,2168,2234,2273,2391,2463,2515,2557,2647,2714,2.5,67,1056.9,2.6
35790,Palm Island (S),2103,2070,2162,2265,2333,2430,2538,2568,2587,2616,2671,2.1,55,70.6,37.8
35800,Paroo (S),2042,1991,1946,1921,1909,1924,1937,1929,1901,1887,1841,-2.4,-46,47616.4,0.0
36070,Pormpuraaw (S),623,621,647,662,673,691,715,724,726,731,743,1.6,12,4428.8,0.2
36150,Quilpie (S),1019,1012,994,992,996,1003,1007,1002,982,975,948,-2.8,-27,67423.3,0.0
36250,Redland (C),128654,130760,133596,136771,139859,141552,143711,145707,147264,148700,149989,0.9,1289,536.2,279.7
36300,Richmond (S),975,935,908,895,898,873,847,845,845,847,832,-1.8,-15,26580.2,0.0
36370,Rockhampton (R),73185,74204,75195,76272,77448,78193,78939,80924,82456,83405,83653,0.3,248,6560.3,12.8
36510,Scenic Rim (R),33560,34231,34983,35578,36525,37167,37437,37805,38353,39447,39757,0.8,310,4248.1,9.4
36580,Somerset (R),19085,19608,19919,20366,21071,21717,22200,22573,23258,23942,24007,0.3,65,5373.3,4.5
36630,South Burnett (R),29050,29699,30114,30583,31173,31518,31803,32320,32605,32580,32575,0.0,-5,8381.7,3.9
36660,Southern Downs (R),32010,32411,32933,33451,33976,34313,34649,35034,35508,35706,35738,0.1,32,7111.7,5.0
36720,Sunshine Coast (R),230168,236654,243309,250800,258047,263053,267241,272723,277804,282702,287539,1.7,4837,2251.2,127.7
36820,Tablelands (R),22861,23228,23553,23885,24103,24230,24372,24564,24764,24963,24997,0.1,34,11289.3,2.2
36910,Toowoomba (R),143791,145992,147927,150140,152525,154222,155473,157751,160136,161902,163232,0.8,1330,12957.7,12.6
36950,Torres (S),3481,3373,3418,3457,3481,3485,3477,3543,3599,3650,3665,0.4,15,882.7,4.2
36960,Torres Strait Island (R),4485,4548,4577,4606,4609,4600,4578,4572,4561,4616,4635,0.4,19,489.2,9.5
37010,Townsville (C),155330,159482,163509,168503,173067,176528,180114,184546,189012,191978,193946,1.0,1968,3727.4,52.0
37300,Weipa (T),2721,2902,3133,3246,3303,3337,3423,3655,3791,3854,3966,2.9,112,10.8,366.5
37310,Western Downs (R),28837,29122,29520,30235,30893,31466,32365,32932,33401,33640,33799,0.5,159,37938.5,0.9
37340,Whitsunday (R),29606,30255,30759,31337,31838,32140,32416,33332,33978,34197,34312,0.3,115,23804.4,1.4
37400,Winton (S),1454,1423,1403,1372,1371,1359,1380,1379,1380,1378,1359,-1.4,-19,53814.4,0.0
37550,Woorabinda (S),915,886,902,916,934,957,976,992,994,1000,1001,0.1,1,390.3,2.6
37570,Wujal Wujal (S),342,336,325,319,311,297,287,286,285,291,296,1.7,5,11.2,26.5
37600,Yarrabah (S),2410,2468,2498,2531,2535,2588,2595,2639,2678,2686,2686,0.0,0,158.8,16.9
40070,Adelaide (C),16573,17479,18549,19217,19914,20525,20920,21657,22193,22689,23169,2.1,480,15.6,1487.8
40120,Adelaide Hills (DC),39066,39165,39204,39301,39424,39640,39699,39821,39841,39870,40031,0.4,161,794.5,50.4
40220,Alexandrina (DC),20611,21208,21843,22472,23027,23729,24125,24489,24817,25132,25449,1.3,317,1827.3,13.9
40250,Anangu Pitjantjatjara (AC),2389,2310,2352,2416,2476,2560,2660,2706,2733,2772,2792,0.7,20,102320.5,0.0
40310,Barossa (DC),20751,21096,21357,21641,21889,22257,22525,22680,22800,22960,23104,0.6,144,893.5,25.9
40430,Barunga West (DC),2590,2590,2587,2575,2560,2535,2496,2482,2452,2445,2434,-0.4,-11,1590.4,1.5
40520,Berri and Barmera (DC),11190,11239,11175,11029,10902,10819,10733,10665,10607,10528,10419,-1.0,-109,516.8,20.2
40700,Burnside (C),43272,43414,43549,43678,43969,44091,44092,44310,44485,44732,45034,0.7,302,27.5,1636.5
40910,Campbelltown (C),47059,47383,47886,48379,49067,49531,49788,50431,50876,51341,51889,1.1,548,24.3,2131.0
41010,Ceduna (DC),3684,3702,3693,3672,3642,3638,3595,3662,3669,3696,3716,0.5,20,5420.1,0.7
41060,Charles Sturt (C),102797,103364,103897,104773,106320,107662,108680,109923,111194,112706,114209,1.3,1503,54.8,2084.5
41140,Clare and Gilbert Valleys (DC),8328,8370,8448,8537,8622,8759,8871,8916,8990,9027,9057,0.3,30,1892.5,4.8
41190,Cleve (DC),1981,2000,1970,1916,1877,1852,1814,1808,1809,1808,1795,-0.7,-13,5018.9,0.4
41330,Coober Pedy (DC),2040,1984,1928,1860,1799,1781,1760,1780,1787,1810,1801,-0.5,-9,77.7,23.2
41560,Copper Coast (DC),11440,11649,12042,12382,12781,13033,13126,13410,13671,13921,14114,1.4,193,772.9,18.3
41750,Elliston (DC),1172,1164,1150,1131,1107,1086,1066,1063,1068,1068,1066,-0.2,-2,6738.5,0.2
41830,Flinders Ranges (DC),1767,1767,1767,1753,1736,1728,1722,1675,1649,1637,1608,-1.8,-29,4126.4,0.4
41960,Franklin Harbour (DC),1240,1245,1252,1254,1254,1250,1238,1240,1229,1226,1234,0.7,8,2755.6,0.4
42030,Gawler (T),18966,19241,19851,20270,20755,20939,20987,21242,21615,22211,22618,1.8,407,41.1,550.5
42110,Goyder (DC),4265,4271,4265,4249,4246,4246,4225,4236,4237,4241,4232,-0.2,-9,6716.0,0.6
42250,Grant (DC),7585,7613,7643,7729,7818,7917,7954,7989,8008,8130,8235,1.3,105,1898.0,4.3
42600,Holdfast Bay (C),34007,34371,34817,35375,35650,35940,36120,36481,36706,37004,37263,0.7,259,13.8,2709.6
42750,Kangaroo Island (DC),4392,4396,4427,4451,4477,4501,4522,4535,4551,4582,4611,0.6,29,4400.7,1.0
43080,Karoonda East Murray (DC),1200,1189,1163,1134,1110,1076,1050,1037,1027,1027,1014,-1.3,-13,4415.8,0.2
43220,Kimba (DC),1160,1147,1135,1122,1113,1108,1105,1103,1103,1101,1097,-0.4,-4,3984.0,0.3
43360,Kingston (DC),2404,2390,2393,2381,2381,2363,2343,2361,2364,2367,2363,-0.2,-4,3339.8,0.7
43650,Light (RegC),12325,12680,12994,13138,13464,13788,13984,14243,14422,14653,14841,1.3,188,1276.8,11.6
43710,Lower Eyre Peninsula (DC),4408,4537,4619,4712,4809,4911,5013,5068,5068,5078,5087,0.2,9,4721.2,1.1
43790,Loxton Waikerie (DC),12023,11902,11870,11771,11662,11561,11478,11459,11451,11475,11462,-0.1,-13,7999.3,1.4
43920,Mallala (DC),8023,8118,8255,8285,8324,8417,8483,8548,8608,8691,8750,0.7,59,932.4,9.4
44000,Maralinga Tjarutja (AC),116,111,98,88,84,80,75,75,75,75,75,0.0,0,102737.8,0.0
44060,Marion (C),79980,80646,81616,82536,83917,85110,85714,86703,87543,88286,88983,0.8,697,55.6,1599.3
44210,Mid Murray (DC),8253,8216,8195,8199,8210,8200,8225,8238,8211,8261,8243,-0.2,-18,6271.4,1.3
44340,Mitcham (C),63265,63676,64017,64252,64678,64875,64999,65362,65699,66178,66347,0.3,169,75.5,878.2
44550,Mount Barker (DC),26706,27393,27990,28695,29367,29973,30353,30887,31292,31947,32558,1.9,611,594.6,54.8
44620,Mount Gambier (C),24495,24626,25004,25222,25402,25712,25773,25922,26084,26244,26348,0.4,104,33.9,777.4
44830,Mount Remarkable (DC),2899,2906,2918,2915,2906,2903,2906,2882,2847,2826,2773,-1.9,-53,3422.8,0.8
45040,Murray Bridge (RC),17931,18159,18594,19144,19556,19818,20137,20306,20584,20740,20971,1.1,231,1831.8,11.4
45090,Naracoorte and Lucindale (DC),8345,8354,8311,8294,8304,8314,8342,8354,8424,8448,8390,-0.7,-58,4520.1,1.9
45120,Northern Areas (DC),4755,4760,4755,4717,4660,4603,4568,4529,4506,4511,4488,-0.5,-23,2986.2,1.5
45290,Norwood Payneham St Peters (C),34621,34967,35315,35594,35868,36190,36291,36599,36856,37071,37350,0.8,279,15.1,2473.0
45340,Onkaparinga (C),151906,153244,154841,156775,159268,161579,163392,165202,166379,167644,168798,0.7,1154,518.1,325.8
45400,Orroroo/Carrieton (DC),970,959,958,938,915,893,884,883,867,861,852,-1.0,-9,3321.8,0.3
45540,Peterborough (DC),1963,1946,1925,1887,1838,1792,1758,1737,1714,1701,1673,-1.6,-28,3020.0,0.6
45680,Playford (C),70488,71385,72682,74514,76574,78623,80684,82895,84999,86865,88222,1.6,1357,344.9,255.8
45890,Port Adelaide Enfield (C),104370,105579,107820,110157,112299,114488,116492,118414,120389,122301,123754,1.2,1453,91.7,1348.8
46090,Port Augusta (C),14108,14251,14300,14348,14404,14438,14413,14463,14600,14556,14522,-0.2,-34,1152.1,12.6
46300,Port Lincoln (C),14012,14060,14144,14256,14364,14432,14462,14586,14727,14888,14984,0.6,96,30.4,493.4
46450,Port Pirie City and Dists (M),17511,17551,17610,17619,17650,17680,17627,17635,17639,17645,17540,-0.6,-105,1760.7,10.0
46510,Prospect (C),19714,19959,20219,20447,20634,20722,20690,20915,21126,21246,21416,0.8,170,7.8,2748.5
46670,Renmark Paringa (DC),9678,9689,9657,9625,9567,9519,9429,9402,9342,9290,9230,-0.6,-60,915.9,10.1
46860,Robe (DC),1395,1386,1401,1408,1423,1431,1431,1429,1429,1431,1428,-0.2,-3,1091.6,1.3
46970,Roxby Downs (M),4014,4186,4370,4566,4670,4735,4826,4914,4984,4981,5078,1.9,97,109.9,46.2
47140,Salisbury (C),119469,121288,123789,126281,128854,131227,132880,134300,135883,137308,138535,0.9,1227,158.0,876.6
47290,Southern Mallee (DC),2197,2187,2176,2165,2155,2137,2123,2094,2075,2076,2058,-0.9,-18,5702.2,0.4
47490,Streaky Bay (DC),2031,2067,2100,2126,2140,2157,2175,2197,2244,2250,2249,0.0,-1,6247.0,0.4
47630,Tatiara (DC),7070,7037,6974,6891,6841,6815,6740,6724,6693,6666,6631,-0.5,-35,6527.2,1.0
47700,Tea Tree Gully (C),98422,98456,98458,98504,98640,98624,98315,98470,98344,98549,98861,0.3,312,95.2,1038.4
47800,The Coorong (DC),5837,5838,5809,5749,5708,5667,5657,5635,5584,5584,5556,-0.5,-28,8832.5,0.6
47910,Tumby Bay (DC),2606,2609,2610,2612,2618,2618,2616,2622,2633,2642,2668,1.0,26,2669.1,1.0
47980,Unley (C),36805,37211,37512,37821,38113,38331,38374,38613,38737,39013,39324,0.8,311,14.3,2755.6
48050,Victor Harbor (C),12180,12303,12694,13144,13508,13866,14176,14444,14664,14937,15169,1.6,232,384.6,39.4
48130,Wakefield (DC),6533,6533,6559,6585,6628,6692,6741,6789,6823,6862,6886,0.3,24,3468.5,2.0
48260,Walkerville (M),7118,7179,7199,7223,7259,7290,7308,7348,7366,7400,7673,3.7,273,3.5,2173.8
48340,Wattle Range (DC),12250,12224,12160,12144,12055,11990,11792,11764,11665,11575,11460,-1.0,-115,3926.3,2.9
48410,West Torrens (C),53069,53692,54508,55095,55896,56611,57026,57586,58139,58623,58964,0.6,341,37.0,1591.9
48540,Whyalla (C),21890,21989,22165,22275,22375,22497,22561,22642,22663,22753,22759,0.0,6,1069.6,21.3
48640,Wudinna (DC),1363,1346,1321,1305,1295,1291,1280,1277,1283,1284,1282,-0.2,-2,5393.9,0.2
48750,Yankalilla (DC),4151,4245,4331,4396,4442,4448,4451,4486,4554,4629,4700,1.5,71,751.3,6.3
48830,Yorke Peninsula (DC),11530,11474,11409,11360,11315,11252,11198,11170,11115,11066,11018,-0.4,-48,5899.6,1.9
50080,Albany (C),32726,33171,33310,33704,34164,34518,34873,35493,36205,36844,37233,1.1,389,4309.9,8.6
50210,Armadale (C),51795,52299,53735,55809,58508,61858,65395,69567,73611,76873,80287,4.4,3414,559.9,143.4
50250,Ashburton (S),7263,7608,7939,8480,9004,9510,10227,10646,10942,10947,10951,0.0,4,100959.3,0.1
50280,Augusta-Margaret River (S),10936,11052,11195,11522,11766,11951,12228,12675,13147,13522,13807,2.1,285,2122.4,6.5
50350,Bassendean (T),13943,13896,14099,14358,14626,14897,15179,15550,15898,16185,16101,-0.5,-84,10.3,1556.5
50420,Bayswater (C),56895,58195,59484,61139,62708,63886,65342,67587,69474,70310,70472,0.2,162,32.8,2150.5
50490,Belmont (C),30966,31560,32742,33970,35204,36101,37358,38837,40020,40797,41344,1.3,547,39.7,1041.8
50560,Beverley (S),1631,1646,1649,1634,1643,1619,1604,1610,1610,1589,1582,-0.4,-7,2370.5,0.7
50630,Boddington (S),1434,1427,1576,1747,1910,2138,2247,2372,2467,2506,2537,1.2,31,1899.4,1.3
50770,Boyup Brook (S),1572,1563,1564,1570,1591,1592,1617,1633,1634,1644,1625,-1.2,-19,2826.5,0.6
50840,Bridgetown-Greenbushes (S),4134,4134,4149,4199,4286,4337,4421,4513,4607,4637,4662,0.5,25,1339.4,3.5
50910,Brookton (S),1038,1037,1022,1014,1007,995,969,988,991,1013,1008,-0.5,-5,1601.2,0.6
50980,Broome (S),14219,14326,14577,14924,15172,15416,15737,16394,17228,17234,17308,0.4,74,54631.8,0.3
51080,Broomehill-Tambellup (S),1204,1208,1183,1175,1198,1177,1178,1167,1165,1156,1134,-1.9,-22,2609.1,0.4
51120,Bruce Rock (S),1040,1004,978,982,988,991,1002,981,975,947,939,-0.8,-8,2724.7,0.3
51190,Bunbury (C),31035,31450,31152,31473,31993,32257,32580,33126,33571,34052,34467,1.2,415,65.2,528.4
51260,Busselton (C),25996,26711,27197,28393,29596,30664,31523,32928,34236,35337,36335,2.8,998,1454.0,25.0
51310,Cambridge (T),24706,25007,25305,25718,26093,26320,26730,27280,27983,28142,28250,0.4,108,22.0,1284.5
51330,Canning (C),80261,80933,83123,85135,87242,88746,90736,93493,96209,97589,98355,0.8,766,64.9,1515.5
51400,Capel (S),9733,10666,11330,12256,13274,14192,15059,15734,16422,16951,17316,2.2,365,557.8,31.0
51470,Carnamah (S),791,792,743,703,641,604,554,551,549,539,535,-0.7,-4,2873.0,0.2
51540,Carnarvon (S),6160,6051,5943,5967,5972,5997,6076,6099,6130,6125,6098,-0.4,-27,46562.2,0.1
51610,Chapman Valley (S),924,943,989,1086,1141,1160,1198,1214,1236,1228,1229,0.1,1,3982.6,0.3
51680,Chittering (S),3541,3669,3818,3968,4209,4394,4533,4733,4988,5199,5301,2.0,102,1219.9,4.3
51750,Claremont (T),9349,9393,9463,9571,9716,9783,9924,10147,10372,10537,10706,1.6,169,5.0,2160.4
51820,Cockburn (C),75741,77832,81453,84909,88935,91628,95036,99298,103192,105605,107645,1.9,2040,167.9,641.0
51890,Collie (S),9076,9012,8972,8997,9122,9218,9343,9526,9677,9736,9656,-0.8,-80,1710.0,5.6
51960,Coolgardie (S),4023,4005,3977,4011,4047,4080,4138,4236,4318,4211,4112,-2.4,-99,30353.9,0.1
52030,Coorow (S),1301,1259,1189,1157,1146,1126,1091,1088,1083,1062,1053,-0.8,-9,4188.8,0.3
52100,Corrigin (S),1204,1200,1176,1165,1146,1126,1104,1099,1098,1094,1083,-1.0,-11,2680.6,0.4
52170,Cottesloe (T),7581,7652,7733,7884,8059,8106,8236,8396,8559,8637,8602,-0.4,-35,3.9,2230.7
52240,Cranbrook (S),1125,1132,1111,1094,1113,1089,1110,1101,1099,1092,1071,-1.9,-21,3277.5,0.3
52310,Cuballing (S),804,817,830,836,851,873,891,893,895,888,897,1.0,9,1195.0,0.8
52380,Cue (S),352,342,320,307,303,287,279,287,293,284,271,-4.6,-13,13584.9,0.0
52450,Cunderdin (S),1322,1317,1295,1295,1297,1322,1347,1339,1330,1324,1325,0.1,1,1862.5,0.7
52520,Dalwallinu (S),1520,1441,1363,1340,1330,1333,1303,1301,1293,1284,1284,0.0,0,7227.2,0.2
52590,Dandaragan (S),2964,3018,3052,3104,3203,3268,3292,3337,3320,3278,3253,-0.8,-25,6711.5,0.5
52660,Dardanup (S),10219,10837,11147,11648,12144,12531,12852,13329,13770,13996,14233,1.7,237,525.9,27.1
52730,Denmark (S),4798,4797,4858,4987,5153,5248,5373,5557,5739,5774,5886,1.9,112,1859.9,3.2
52800,Derby-West Kimberley (S),7882,8095,8267,8521,8698,8826,8966,9395,9632,9051,8903,-1.6,-148,119841.9,0.1
52870,Donnybrook-Balingup (S),4731,4951,4981,5095,5245,5349,5462,5594,5744,5843,5849,0.1,6,1560.0,3.7
52940,Dowerin (S),746,736,709,718,725,698,700,694,690,683,679,-0.6,-4,1863.1,0.4
53010,Dumbleyung (S),691,677,651,649,637,626,626,618,606,587,581,-1.0,-6,2541.3,0.2
53080,Dundas (S),1155,1127,1119,1149,1162,1160,1184,1188,1180,1151,1127,-2.1,-24,92587.2,0.0
53150,East Fremantle (T),6985,7074,7098,7154,7244,7270,7443,7587,7724,7781,7743,-0.5,-38,3.1,2467.0
53220,East Pilbara (S),6998,7667,8510,9651,10753,11522,12257,12693,12939,12761,12197,-4.4,-564,371244.0,0.0
53290,Esperance (S),13694,13644,13585,13603,13721,13799,13879,14071,14221,14395,14478,0.6,83,45038.8,0.3
53360,Exmouth (S),2233,2205,2217,2255,2317,2364,2458,2521,2565,2594,2591,-0.1,-3,6488.1,0.4
53430,Fremantle (C),26108,26124,26648,27148,27607,27957,28651,29602,30273,30687,31046,1.2,359,19.0,1633.1
53570,Gingin (S),4534,4577,4574,4646,4768,4786,4822,4984,5240,5426,5450,0.4,24,3208.4,1.7
53640,Gnowangerup (S),1456,1432,1395,1371,1358,1333,1307,1296,1302,1288,1289,0.1,1,4265.6,0.3
53710,Goomalling (S),961,973,970,981,1005,1019,1017,1008,1000,990,985,-0.5,-5,1835.4,0.5
53780,Gosnells (C),92600,94958,98035,101907,105782,109250,112435,116939,121063,123133,125051,1.6,1918,127.2,983.1
53800,Greater Geraldton (C),35021,35736,35812,36731,37512,37860,38340,39306,40360,41008,41223,0.5,215,9889.1,4.2
53920,Halls Creek (S),3747,3762,3794,3845,3867,3874,3893,3914,3940,3946,3930,-0.4,-16,133061.4,0.0
53990,Harvey (S),19565,20450,20913,21819,22624,23230,23878,24916,25884,26616,27288,2.5,672,1727.9,15.8
54060,Irwin (S),3143,3218,3281,3403,3509,3569,3672,3748,3775,3760,3753,-0.2,-7,2372.0,1.6
54130,Jerramungup (S),1248,1186,1148,1121,1107,1101,1091,1079,1083,1074,1079,0.5,5,6507.5,0.2
54170,Joondalup (C),156453,156570,157225,158175,159156,160053,162205,164897,167361,167653,167891,0.1,238,98.9,1697.1
54200,Kalamunda (S),51052,51423,52560,53540,54487,55572,56492,58191,59671,60456,60830,0.6,374,324.2,187.6
54280,Kalgoorlie/Boulder (C),29855,30086,30250,30910,31474,31750,32208,33007,33710,33208,33062,-0.4,-146,95151.5,0.3
54310,Karratha (C),18864,20054,20587,21230,21996,22628,23634,24739,25867,26179,26228,0.2,49,15235.8,1.7
54340,Katanning (S),4404,4404,4366,4315,4293,4285,4290,4327,4400,4409,4350,-1.3,-59,1518.3,2.9
54410,Kellerberrin (S),1215,1230,1213,1200,1209,1207,1211,1221,1225,1221,1219,-0.2,-2,1915.6,0.6
54480,Kent (S),596,599,583,568,560,529,529,525,527,522,521,-0.2,-1,5630.1,0.1
54550,Kojonup (S),2260,2272,2181,2134,2069,2034,2030,2022,2019,2000,1999,-0.1,-1,2931.1,0.7
54620,Kondinin (S),1012,1019,1013,1025,1043,1060,1068,1060,1040,1007,1055,4.8,48,7422.1,0.1
54690,Koorda (S),477,470,454,447,448,450,448,445,443,438,435,-0.7,-3,2832.4,0.2
54760,Kulin (S),912,922,882,865,855,854,855,848,832,807,799,-1.0,-8,4716.9,0.2
54830,Kwinana (C),23053,23986,24960,26482,28047,29132,30697,32529,34361,35747,37149,3.9,1402,120.0,309.5
54900,Lake Grace (S),1548,1530,1467,1428,1415,1407,1405,1395,1369,1328,1314,-1.1,-14,11885.8,0.1
54970,Laverton (S),869,783,848,977,1072,1177,1288,1336,1342,1283,1216,-5.2,-67,179892.2,0.0
55040,Leonora (S),1599,1501,1723,1892,2136,2452,2628,2723,2737,2612,2476,-5.2,-136,31893.2,0.1
55110,Mandurah (C),56719,58811,61355,64940,68218,69969,73440,77052,80608,82234,83931,2.1,1697,174.2,481.7
55180,Manjimup (S),9879,9718,9625,9606,9623,9564,9463,9456,9411,9429,9404,-0.3,-25,7025.8,1.3
55250,Meekatharra (S),1285,1225,1242,1270,1321,1359,1424,1469,1494,1444,1376,-4.7,-68,100120.8,0.0
55320,Melville (C),96699,96778,97911,98607,99882,100764,102135,104393,106217,106555,106655,0.1,100,52.8,2019.3
55390,Menzies (S),260,237,269,308,351,378,402,415,418,399,378,-5.3,-21,124577.2,0.0
55460,Merredin (S),3442,3408,3352,3348,3348,3354,3374,3360,3314,3287,3291,0.1,4,3294.4,1.0
55530,Mingenew (S),521,504,495,483,476,477,489,487,485,477,473,-0.8,-4,1934.9,0.2
55600,Moora (S),2593,2531,2487,2503,2537,2534,2556,2548,2531,2511,2539,1.1,28,3763.0,0.7
55670,Morawa (S),886,860,854,867,879,886,911,908,905,887,879,-0.9,-8,3512.6,0.3
55740,Mosman Park (T),8762,8760,8845,8971,9082,9164,9199,9318,9493,9552,9547,-0.1,-5,4.3,2196.0
55810,Mount Magnet (S),744,734,681,665,669,653,666,686,698,674,643,-4.6,-31,13872.9,0.0
55880,Mount Marshall (S),656,650,616,594,581,530,493,486,481,468,449,-4.1,-19,10185.9,0.0
55950,Mukinbudin (S),643,601,567,558,537,509,502,507,503,488,468,-4.1,-20,3435.0,0.1
56090,Mundaring (S),36195,36326,36569,36914,37466,37883,38364,39071,39746,39885,40015,0.3,130,643.3,62.2
56160,Murchison (S),129,118,112,110,112,114,119,123,125,120,114,-5.0,-6,45030.2,0.0
56230,Murray (S),12266,12522,12819,13477,14144,14586,14773,15523,16278,16743,17262,3.1,519,1710.1,10.1
56300,Nannup (S),1271,1282,1277,1291,1296,1301,1304,1314,1314,1316,1307,-0.7,-9,3053.7,0.4
56370,Narembeen (S),952,945,890,856,846,836,839,827,809,795,795,0.0,0,3833.3,0.2
56450,Narrogin (S),843,862,874,903,917,893,900,900,889,883,891,0.9,8,1618.4,0.6
56520,Narrogin (T),4520,4469,4413,4378,4365,4353,4360,4393,4422,4426,4467,0.9,41,13.1,340.3
56580,Nedlands (C),21501,21436,21480,21672,21763,21754,22029,22444,22852,23103,23084,-0.1,-19,19.9,1157.3
56620,Ngaanyatjarraku (S),1477,1466,1483,1498,1494,1508,1508,1561,1570,1498,1420,-5.2,-78,160378.1,0.0
56730,Northam (S),10270,10280,10256,10400,10553,10670,10830,11165,11482,11640,11555,-0.7,-85,1431.2,8.1
56790,Northampton (S),3345,3334,3322,3318,3309,3298,3281,3336,3373,3288,3253,-1.1,-35,12617.7,0.3
56860,Nungarin (S),258,255,252,247,238,234,236,235,233,226,218,-3.5,-8,1163.0,0.2
56930,Peppermint Grove (S),1692,1691,1653,1630,1633,1627,1629,1678,1679,1674,1646,-1.7,-28,1.1,1541.8
57000,Perenjori (S),574,561,607,680,773,852,930,925,922,904,895,-1.0,-9,8300.5,0.1
57080,Perth (C),11099,12353,13423,14897,16902,17714,18315,19366,20253,20629,21092,2.2,463,12.0,1754.6
57140,Pingelly (S),1217,1220,1207,1206,1209,1215,1209,1198,1193,1175,1188,1.1,13,1294.1,0.9
57210,Plantagenet (S),4643,4694,4762,4863,4974,4978,5032,5116,5174,5170,5185,0.3,15,4876.5,1.1
57280,Port Hedland (T),13880,14084,14129,14309,14825,15252,15659,16086,16446,16417,16483,0.4,66,18431.1,0.9
57350,Quairading (S),1068,1071,1070,1078,1080,1074,1073,1064,1052,1050,1044,-0.6,-6,2016.9,0.5
57420,Ravensthorpe (S),1733,2045,2110,2220,2171,2158,2187,2235,2284,2295,2263,-1.4,-32,9829.0,0.2
57490,Rockingham (C),82936,87033,92235,96506,100639,104922,109415,115068,120847,125138,128962,3.1,3824,256.9,502.0
57630,Sandstone (S),126,126,123,117,113,110,109,112,114,110,105,-4.5,-5,32666.5,0.0
57700,Serpentine-Jarrahdale (S),12913,13246,14055,15224,16487,17201,18495,19936,21230,22487,24108,7.2,1621,904.1,26.7
57770,Shark Bay (S),909,906,891,886,883,883,887,909,926,938,951,1.4,13,24140.2,0.0
57840,South Perth (C),40025,40517,41233,42135,42925,42987,43618,44911,46056,46146,46244,0.2,98,19.8,2334.2
57910,Stirling (C),181976,183957,189261,194607,200137,203918,209043,216732,222965,225818,227566,0.8,1748,104.7,2173.0
57980,Subiaco (C),16997,17233,17669,18033,18435,18624,18832,19293,19635,20008,20423,2.1,415,7.0,2927.6
58050,Swan (C),93791,96643,100580,104505,108331,111101,114300,119666,124679,129251,133303,3.1,4052,1043.2,127.8
58190,Tammin (S),420,417,416,417,422,418,415,414,411,409,406,-0.7,-3,1101.7,0.4
58260,Three Springs (S),711,693,672,671,663,646,633,634,631,619,614,-0.8,-5,2652.9,0.2
58330,Toodyay (S),4277,4330,4360,4404,4450,4493,4529,4586,4678,4637,4544,-2.0,-93,1691.7,2.7
58400,Trayning (S),408,410,395,385,370,359,355,353,349,340,326,-4.1,-14,1650.9,0.2
58470,Upper Gascoyne (S),332,307,296,272,262,263,253,256,262,264,264,0.0,0,57883.4,0.0
58510,Victoria Park (T),28761,29162,30264,31537,32751,33603,34718,36217,37604,37931,38450,1.4,519,17.9,2144.3
58540,Victoria Plains (S),962,946,935,936,940,931,926,926,919,915,914,-0.1,-1,2550.9,0.4
58570,Vincent (C),28782,29261,30279,31155,32000,32748,33857,35237,36635,37059,37461,1.1,402,11.4,3292.8
58610,Wagin (S),1925,1943,1932,1916,1910,1908,1901,1920,1918,1901,1920,1.0,19,1945.7,1.0
58680,Wandering (S),370,373,386,396,417,438,453,452,437,435,434,-0.2,-1,1899.6,0.2
58760,Wanneroo (C),107053,114943,125837,135840,145855,152746,160281,169813,178266,184535,188785,2.3,4250,685.1,275.6
58820,Waroona (S),3576,3614,3591,3626,3660,3687,3720,3780,3857,3996,4055,1.5,59,831.8,4.9
58890,West Arthur (S),887,885,882,881,883,888,901,903,904,895,904,1.0,9,2832.7,0.3
59030,Westonia (S),230,226,235,248,265,278,282,281,278,270,259,-4.1,-11,3314.0,0.1
59100,Wickepin (S),755,762,753,754,759,761,767,762,749,726,718,-1.1,-8,2039.8,0.4
59170,Williams (S),919,908,912,919,929,935,940,945,938,929,937,0.9,8,2304.5,0.4
59250,Wiluna (S),768,735,808,894,1009,1095,1198,1236,1255,1212,1156,-4.6,-56,181294.4,0.0
59310,Wongan-Ballidu (S),1490,1461,1433,1429,1439,1455,1478,1501,1509,1495,1480,-1.0,-15,3365.1,0.4
59320,Woodanilling (S),404,415,417,424,430,427,427,430,428,428,422,-1.4,-6,1128.4,0.4
59330,Wyalkatchem (S),630,592,560,546,531,526,542,536,535,529,525,-0.8,-4,1594.4,0.3
59340,Wyndham-East Kimberley (S),7789,7879,7866,7967,8066,8111,8195,8419,8639,8657,8660,0.0,3,112022.8,0.1
59350,Yalgoo (S),274,263,288,317,351,377,417,430,436,422,402,-4.7,-20,27936.4,0.0
59360,Yilgarn (S),1580,1477,1535,1580,1602,1634,1675,1667,1653,1606,1552,-3.4,-54,30376.3,0.1
59370,York (S),3220,3244,3273,3320,3360,3410,3462,3501,3529,3486,3460,-0.7,-26,2131.6,1.6
60210,Break O`Day (M),6191,6274,6308,6352,6401,6446,6469,6443,6424,6459,6469,0.2,10,3525.8,1.8
60410,Brighton (M),13946,14236,14508,14832,15192,15562,15685,15793,15809,15819,16010,1.2,191,171.3,93.5
60610,Burnie (C),19547,19748,19812,19887,20005,20073,20164,20150,19963,19891,19887,0.0,-4,611.0,32.6
60810,Central Coast (M),21174,21428,21640,21942,22179,22291,22332,22370,22348,22409,22401,0.0,-8,933.1,24.0
61010,Central Highlands (M),2345,2327,2338,2348,2357,2353,2357,2359,2336,2312,2309,-0.1,-3,7982.4,0.3
61210,Circular Head (M),8286,8243,8291,8343,8374,8368,8361,8289,8287,8301,8245,-0.7,-56,4897.7,1.7
61410,Clarence (C),50014,50344,50630,51107,51765,52396,52825,53119,53539,54035,54674,1.2,639,378.0,144.7
61510,Derwent Valley (M),9540,9636,9705,9798,9861,9895,9946,9958,9943,9994,10026,0.3,32,4108.1,2.4
61610,Devonport (C),25050,24901,25024,25336,25658,25712,25752,25714,25589,25549,25533,-0.1,-16,111.3,229.5
61810,Dorset (M),7272,7244,7227,7203,7202,7177,7158,7150,7156,7132,7105,-0.4,-27,3227.6,2.2
62010,Flinders (M),897,896,881,867,849,839,809,806,784,779,783,0.5,4,1996.6,0.4
62210,George Town (M),6755,6755,6762,6779,6829,6872,6857,6794,6830,6816,6802,-0.2,-14,653.4,10.4
62410,Glamorgan/Spring Bay (M),4347,4371,4412,4458,4463,4449,4419,4429,4434,4494,4493,0.0,-1,2591.4,1.7
62610,Glenorchy (C),43850,43844,44179,44542,44947,45244,45402,45376,45493,45609,45827,0.5,218,121.1,378.3
62810,Hobart (C),48890,48989,49203,49491,49917,50291,50482,50330,50445,50668,50714,0.1,46,77.9,650.9
63010,Huon Valley (M),14394,14530,14814,15083,15392,15680,15905,16006,16157,16274,16354,0.5,80,5507.4,3.0
63210,Kentish (M),5861,5965,6031,6143,6301,6364,6369,6414,6457,6478,6481,0.0,3,1156.0,5.6
63410,King Island (M),1715,1716,1704,1690,1672,1656,1637,1613,1605,1610,1577,-2.0,-33,1095.8,1.4
63610,Kingborough (M),31020,31404,31938,32656,33431,34124,34693,34958,35210,35422,35833,1.2,411,720.1,49.8
63810,Latrobe (M),8759,8973,9162,9402,9694,10063,10275,10486,10659,10853,10938,0.8,85,600.5,18.2
64010,Launceston (C),64715,64802,65311,65936,66452,66864,67154,67069,67100,67102,67078,0.0,-24,1413.6,47.5
64210,Meander Valley (M),18889,19052,19190,19342,19477,19588,19622,19632,19545,19592,19686,0.5,94,3330.3,5.9
64610,Northern Midlands (M),12422,12561,12568,12593,12638,12675,12729,12713,12746,12770,12749,-0.2,-21,5136.5,2.5
64810,Sorell (M),11738,12049,12294,12624,12934,13170,13346,13460,13612,13783,13955,1.2,172,583.7,23.9
65010,Southern Midlands (M),5850,5864,5914,6009,6141,6246,6265,6288,6272,6232,6278,0.7,46,2615.4,2.4
65210,Tasman (M),2279,2326,2332,2352,2400,2432,2443,2440,2363,2398,2405,0.3,7,660.5,3.6
65410,Waratah/Wynyard (M),13757,13895,14002,14180,14295,14312,14304,14288,14289,14303,14289,-0.1,-14,3531.0,4.0
65610,West Coast (M),5245,5229,5157,5151,5107,5058,4890,4797,4666,4527,4483,-1.0,-44,9589.8,0.5
65810,West Tamar (M),21454,21700,21925,22122,22420,22647,22833,22862,23006,23115,23202,0.4,87,691.1,33.6
70200,Alice Springs (T),26572,26700,26961,27466,28068,28397,28489,28582,28725,28263,27972,-1.0,-291,327.5,85.4
70420,Barkly (R),7455,7564,7663,7773,7842,7863,7838,7975,8111,8072,8168,1.2,96,322788.8,0.0
70540,Belyuen (S),205,199,199,200,203,207,207,210,215,209,209,0.0,0,41.4,5.0
70620,Central Desert (R),4493,4454,4417,4392,4360,4337,4287,4342,4429,4384,4368,-0.4,-16,281311.4,0.0
70700,Coomalie (S),1206,1234,1240,1248,1262,1274,1275,1296,1332,1297,1296,-0.1,-1,2057.3,0.6
71000,Darwin (C),70538,71366,72735,74613,76775,77886,78467,79853,82338,82238,82912,0.8,674,111.5,743.5
71300,East Arnhem (R),9055,9275,9496,9784,10054,10305,10466,10620,10883,10758,10730,-0.3,-28,33295.6,0.3
72200,Katherine (T),9626,9689,9844,10075,10345,10467,10488,10771,11056,11053,11118,0.6,65,7416.6,1.5
72300,Litchfield (M),16215,16451,17412,18401,19203,19863,20218,20799,21557,22467,23614,5.1,1147,2903.2,8.1
72330,MacDonnell (R),6767,6761,6709,6707,6732,6737,6710,6847,6977,6944,6982,0.5,38,268336.6,0.0
72800,Palmerston (C),24156,25163,26219,27586,28636,29178,29385,30601,32356,33727,34652,2.7,925,52.7,658.1
73600,Roper Gulf (R),6352,6423,6539,6726,6936,7044,7042,7133,7240,7293,7436,2.0,143,185286.6,0.0
74050,Tiwi Islands (R),2428,2432,2522,2643,2777,2900,2970,3045,3130,3095,3102,0.2,7,7462.6,0.4
74550,Victoria Daly (R),3439,3441,3491,3476,3421,3381,3321,3353,3390,3351,3326,-0.7,-25,150093.0,0.0
74560,Wagait (S),310,326,342,361,383,399,420,427,439,427,427,0.0,0,5.6,75.8
74660,West Arnhem (R),6304,6452,6505,6679,6888,7040,7133,7288,7502,7421,7452,0.4,31,49692.5,0.1
74680,West Daly (R),2864,2986,3023,3151,3319,3425,3505,3573,3641,3693,3764,1.9,71.0,17230.6,0.2
,,,,,,,,,,,,,,,,
79399,Unincorporated NT,7920,8141,8431,8593,8823,9075,9071,9166,9248,8676,6779,-21.9,-1897,19785.2,0.3
